cap_0.png,hu5h,4
cap_1.png,cavf,4
cap_10.png,exF2,4
cap_100.png,FZFm,4
cap_1000.png,x5Dc,4
cap_1001.png,r9BI,4
cap_1002.png,WEsc,4
cap_1003.png,h4G4,4
cap_1004.png,kZ3D,4
cap_1005.png,hYmi,4
cap_1006.png,ifM3,4
cap_1007.png,Iifn,4
cap_1008.png,ZeWM,4
cap_1009.png,eIND,4
cap_101.png,NnLJ,4
cap_1010.png,rH5W,4
cap_1011.png,VeBs,4
cap_1012.png,D7vo,4
cap_1013.png,vmBu,4
cap_1014.png,LXFH,4
cap_1015.png,aGiE,4
cap_1016.png,W3wM,4
cap_1017.png,4bbL,4
cap_1018.png,Lx7x,4
cap_1019.png,Pbli,4
cap_102.png,XkHF,4
cap_1020.png,uzvl,4
cap_1021.png,fJ2Z,4
cap_1022.png,wmYf,4
cap_1023.png,oWXn,4
cap_1024.png,CIza,4
cap_1025.png,7auk,4
cap_1026.png,i4NX,4
cap_1027.png,BFWE,4
cap_1028.png,c9G6,4
cap_1029.png,2Nf5,4
cap_103.png,XefZ,4
cap_1030.png,ZIHW,4
cap_1031.png,H7fB,4
cap_1032.png,nYz3,4
cap_1033.png,PXeN,4
cap_1034.png,IZbc,4
cap_1035.png,aihE,4
cap_1036.png,V3CP,4
cap_1037.png,v5vQ,4
cap_1038.png,6aM9,4
cap_1039.png,kAW9,4
cap_104.png,YI5e,4
cap_1040.png,efez,4
cap_1041.png,Qk7C,4
cap_1042.png,aYP2,4
cap_1043.png,LmNV,4
cap_1044.png,D8ac,4
cap_1045.png,3D5Z,4
cap_1046.png,85cW,4
cap_1047.png,2mCf,4
cap_1048.png,LxtP,4
cap_1049.png,4zuw,4
cap_105.png,VIIM,4
cap_1050.png,CXaz,4
cap_1051.png,PCzi,4
cap_1052.png,9nh2,4
cap_1053.png,kDJN,4
cap_1054.png,xuMJ,4
cap_1055.png,NrL3,4
cap_1056.png,iaVo,4
cap_1057.png,Fuo9,4
cap_1058.png,BMsV,4
cap_1059.png,t7M8,4
cap_106.png,zMtZ,4
cap_1060.png,aNt2,4
cap_1061.png,dPBC,4
cap_1062.png,r5Gb,4
cap_1063.png,nF8J,4
cap_1064.png,VwQm,4
cap_1065.png,frAF,4
cap_1066.png,sZ2C,4
cap_1067.png,nKCa,4
cap_1068.png,ZWsP,4
cap_1069.png,DJhr,4
cap_107.png,5dLi,4
cap_1070.png,dNFP,4
cap_1071.png,Luon,4
cap_1072.png,i45z,4
cap_1073.png,EswP,4
cap_1074.png,QZ3o,4
cap_1075.png,L4Y4,4
cap_1076.png,nPzE,4
cap_1077.png,EkCX,4
cap_1078.png,7d4D,4
cap_1079.png,WafN,4
cap_108.png,VIC4,4
cap_1080.png,m4Gn,4
cap_1081.png,BIvA,4
cap_1082.png,ziKV,4
cap_1083.png,vB3V,4
cap_1084.png,DtZC,4
cap_1085.png,nFGA,4
cap_1086.png,Pi8X,4
cap_1087.png,wMPd,4
cap_1088.png,26Ei,4
cap_1089.png,rQJX,4
cap_109.png,hbNo,4
cap_1090.png,LuYx,4
cap_1091.png,dBIc,4
cap_1092.png,b7bG,4
cap_1093.png,hfsD,4
cap_1094.png,Wvve,4
cap_1095.png,dHWe,4
cap_1096.png,eweH,4
cap_1097.png,XDsX,4
cap_1098.png,ocVD,4
cap_1099.png,YfNc,4
cap_11.png,W3nJ,4
cap_110.png,PHQP,4
cap_1100.png,Qmdw,4
cap_1101.png,iZvE,4
cap_1102.png,5b2z,4
cap_1103.png,Khna,4
cap_1104.png,vaDt,4
cap_1105.png,4ehu,4
cap_1106.png,xeMf,4
cap_1107.png,AQk9,4
cap_1108.png,xXwV,4
cap_1109.png,9V7K,4
cap_111.png,4buI,4
cap_1110.png,Kb7P,4
cap_1111.png,xs76,4
cap_1112.png,cvo8,4
cap_1113.png,v2I9,4
cap_1114.png,v2ok,4
cap_1115.png,bmxW,4
cap_1116.png,PiAw,4
cap_1117.png,3I7B,4
cap_1118.png,WxBh,4
cap_1119.png,Ddrt,4
cap_112.png,Cufm,4
cap_1120.png,x2fa,4
cap_1121.png,ZheP,4
cap_1122.png,Zcaa,4
cap_1123.png,42KG,4
cap_1124.png,dHeu,4
cap_1125.png,ezXX,4
cap_1126.png,384w,4
cap_1127.png,Xr8m,4
cap_1128.png,r8H4,4
cap_1129.png,df7n,4
cap_113.png,zh9v,4
cap_1130.png,tFJx,4
cap_1131.png,LAEh,4
cap_1132.png,zb7M,4
cap_1133.png,v8xV,4
cap_1134.png,kdrc,4
cap_1135.png,fYn6,4
cap_1136.png,QAwA,4
cap_1137.png,t6HM,4
cap_1138.png,DD59,4
cap_1139.png,aHQz,4
cap_114.png,NI7E,4
cap_1140.png,78As,4
cap_1141.png,wYI5,4
cap_1142.png,3sY9,4
cap_1143.png,fIQA,4
cap_1144.png,YwnN,4
cap_1145.png,rxZw,4
cap_1146.png,bmas,4
cap_1147.png,YCc9,4
cap_1148.png,rsKi,4
cap_1149.png,iE97,4
cap_115.png,CA6w,4
cap_1150.png,raaM,4
cap_1151.png,oN3i,4
cap_1152.png,858h,4
cap_1153.png,NewP,4
cap_1154.png,nMfK,4
cap_1155.png,WKbB,4
cap_1156.png,5wvC,4
cap_1157.png,8kCv,4
cap_1158.png,6vxc,4
cap_1159.png,5CCV,4
cap_116.png,7utL,4
cap_1160.png,D3J5,4
cap_1161.png,3k5v,4
cap_1162.png,xQbM,4
cap_1163.png,EKCY,4
cap_1164.png,FInv,4
cap_1165.png,LXIK,4
cap_1166.png,uVt4,4
cap_1167.png,u89B,4
cap_1168.png,rdm9,4
cap_1169.png,WiPL,4
cap_117.png,fI3s,4
cap_1170.png,vAun,4
cap_1171.png,WWiF,4
cap_1172.png,ivId,4
cap_1173.png,hs2d,4
cap_1174.png,kwLx,4
cap_1175.png,YXtC,4
cap_1176.png,Qaz2,4
cap_1177.png,8v9a,4
cap_1178.png,De8V,4
cap_1179.png,vnXA,4
cap_118.png,I54e,4
cap_1180.png,WNdX,4
cap_1181.png,oXhF,4
cap_1182.png,FNAL,4
cap_1183.png,ZYKV,4
cap_1184.png,N3oh,4
cap_1185.png,fkt2,4
cap_1186.png,9Nhb,4
cap_1187.png,i5Lc,4
cap_1188.png,PxKC,4
cap_1189.png,4sNm,4
cap_119.png,QsMw,4
cap_1190.png,7HK6,4
cap_1191.png,fk9H,4
cap_1192.png,Kfk7,4
cap_1193.png,ciLX,4
cap_1194.png,o66d,4
cap_1195.png,VAa8,4
cap_1196.png,7PrH,4
cap_1197.png,bWm6,4
cap_1198.png,4iHi,4
cap_1199.png,bLc9,4
cap_12.png,ek5V,4
cap_120.png,t7u8,4
cap_1200.png,sK7z,4
cap_1201.png,hkac,4
cap_1202.png,WQQN,4
cap_1203.png,EVdA,4
cap_1204.png,BEav,4
cap_1205.png,wdC9,4
cap_1206.png,PvQK,4
cap_1207.png,CVBi,4
cap_1208.png,5FAe,4
cap_1209.png,fbVh,4
cap_121.png,843i,4
cap_1210.png,hBP7,4
cap_1211.png,Z8w6,4
cap_1212.png,649z,4
cap_1213.png,F7fJ,4
cap_1214.png,M7vZ,4
cap_1215.png,QEFa,4
cap_1216.png,Koiv,4
cap_1217.png,2aJo,4
cap_1218.png,iD3a,4
cap_1219.png,c4m7,4
cap_122.png,2o9X,4
cap_1220.png,GCIV,4
cap_1221.png,i7zA,4
cap_1222.png,JDhA,4
cap_1223.png,XMV4,4
cap_1224.png,hBI3,4
cap_1225.png,nmNi,4
cap_1226.png,z3tI,4
cap_1227.png,2ivQ,4
cap_1228.png,6eJ2,4
cap_1229.png,caQG,4
cap_123.png,WZxK,4
cap_1230.png,CiP5,4
cap_1231.png,x8v8,4
cap_1232.png,GaC5,4
cap_1233.png,xM3A,4
cap_1234.png,P27i,4
cap_1235.png,hb8X,4
cap_1236.png,l9M6,4
cap_1237.png,rL3X,4
cap_1238.png,BsnJ,4
cap_1239.png,dKzH,4
cap_124.png,dhFt,4
cap_1240.png,FVvG,4
cap_1241.png,7m8I,4
cap_1242.png,YAGr,4
cap_1243.png,kNMY,4
cap_1244.png,H9bN,4
cap_1245.png,NW84,4
cap_1246.png,fz28,4
cap_1247.png,PvbJ,4
cap_1248.png,fXn8,4
cap_1249.png,44Mv,4
cap_125.png,zaYD,4
cap_1250.png,VskB,4
cap_1251.png,a73Q,4
cap_1252.png,nIkY,4
cap_1253.png,n59o,4
cap_1254.png,wWra,4
cap_1255.png,ihmi,4
cap_1256.png,Druo,4
cap_1257.png,mbIr,4
cap_1258.png,Hkbe,4
cap_1259.png,tQbu,4
cap_126.png,dViC,4
cap_1260.png,dHWK,4
cap_1261.png,xGI4,4
cap_1262.png,rmcF,4
cap_1263.png,h5ma,4
cap_1264.png,eIZV,4
cap_1265.png,LbD9,4
cap_1266.png,DZ4h,4
cap_1267.png,l2ko,4
cap_1268.png,HaxF,4
cap_1269.png,AKee,4
cap_127.png,bAm5,4
cap_1270.png,3zQZ,4
cap_1271.png,IKD5,4
cap_1272.png,IvoQ,4
cap_1273.png,Ct58,4
cap_1274.png,3Lhe,4
cap_1275.png,CJ22,4
cap_1276.png,AH7X,4
cap_1277.png,fWGv,4
cap_1278.png,QWr6,4
cap_1279.png,F2zl,4
cap_128.png,MuGB,4
cap_1280.png,itKc,4
cap_1281.png,f6n3,4
cap_1282.png,XXa6,4
cap_1283.png,3kK3,4
cap_1284.png,hPKQ,4
cap_1285.png,5rXX,4
cap_1286.png,k5YI,4
cap_1287.png,B3tX,4
cap_1288.png,9HQP,4
cap_1289.png,5hVP,4
cap_129.png,3C55,4
cap_1290.png,xao7,4
cap_1291.png,Mikm,4
cap_1292.png,QIHM,4
cap_1293.png,YnKr,4
cap_1294.png,Zx4c,4
cap_1295.png,Vrmi,4
cap_1296.png,7Bh9,4
cap_1297.png,iDxZ,4
cap_1298.png,sCNF,4
cap_1299.png,9eFC,4
cap_13.png,bJfw,4
cap_130.png,EGeF,4
cap_1300.png,mvcA,4
cap_1301.png,7C4s,4
cap_1302.png,aFIF,4
cap_1303.png,I4ef,4
cap_1304.png,c4G6,4
cap_1305.png,z6Aa,4
cap_1306.png,72L4,4
cap_1307.png,77s3,4
cap_1308.png,mIVW,4
cap_1309.png,mudk,4
cap_131.png,xInQ,4
cap_1310.png,ssGn,4
cap_1311.png,oVAv,4
cap_1312.png,XPFe,4
cap_1313.png,mvzC,4
cap_1314.png,PAdI,4
cap_1315.png,iVMi,4
cap_1316.png,hsao,4
cap_1317.png,hchs,4
cap_1318.png,9ZXA,4
cap_1319.png,hIhP,4
cap_132.png,vNIs,4
cap_1320.png,ewd6,4
cap_1321.png,wIYZ,4
cap_1322.png,tNrm,4
cap_1323.png,QAMA,4
cap_1324.png,LK4a,4
cap_1325.png,s3X9,4
cap_1326.png,39CL,4
cap_1327.png,EPru,4
cap_1328.png,9fVV,4
cap_1329.png,QNLv,4
cap_133.png,rW2s,4
cap_1330.png,taaC,4
cap_1331.png,7zzw,4
cap_1332.png,zb6d,4
cap_1333.png,Xt2Q,4
cap_1334.png,LXcP,4
cap_1335.png,QxKa,4
cap_1336.png,4axw,4
cap_1337.png,QfHf,4
cap_1338.png,NCfz,4
cap_1339.png,H4PF,4
cap_134.png,FbMX,4
cap_1340.png,c4P2,4
cap_1341.png,sCPs,4
cap_1342.png,GLEn,4
cap_1343.png,KBzo,4
cap_1344.png,haQQ,4
cap_1345.png,G2w9,4
cap_1346.png,463d,4
cap_1347.png,aE4m,4
cap_1348.png,kuZb,4
cap_1349.png,7Xmt,4
cap_135.png,nf8B,4
cap_1350.png,LnP8,4
cap_1351.png,EeHu,4
cap_1352.png,LLxt,4
cap_1353.png,rwX7,4
cap_1354.png,ssHn,4
cap_1355.png,dh4s,4
cap_1356.png,LO2V,4
cap_1357.png,xNQ9,4
cap_1358.png,KXmW,4
cap_1359.png,LVsh,4
cap_136.png,unvN,4
cap_1360.png,AZQt,4
cap_1361.png,tdGC,4
cap_1362.png,Bi3f,4
cap_1363.png,hL9d,4
cap_1364.png,EKAB,4
cap_1365.png,EXbA,4
cap_1366.png,Yv7r,4
cap_1367.png,mLMz,4
cap_1368.png,kcbv,4
cap_1369.png,cH6v,4
cap_137.png,G8He,4
cap_1370.png,FeVu,4
cap_1371.png,Z55N,4
cap_1372.png,GHxF,4
cap_1373.png,5kai,4
cap_1374.png,douE,4
cap_1375.png,2EFG,4
cap_1376.png,W949,4
cap_1377.png,kCbJ,4
cap_1378.png,CZ7L,4
cap_1379.png,zbac,4
cap_138.png,44YG,4
cap_1380.png,rrm2,4
cap_1381.png,eWCu,4
cap_1382.png,Xe22,4
cap_1383.png,fwB9,4
cap_1384.png,8YXc,4
cap_1385.png,Wddr,4
cap_1386.png,M9mz,4
cap_1387.png,m7sk,4
cap_1388.png,od6Z,4
cap_1389.png,BHtI,4
cap_139.png,EeJB,4
cap_1390.png,GWxZ,4
cap_1391.png,Kz3m,4
cap_1392.png,ZhvP,4
cap_1393.png,wwrd,4
cap_1394.png,E4Nn,4
cap_1395.png,cNH7,4
cap_1396.png,HV7P,4
cap_1397.png,b5ki,4
cap_1398.png,BAMG,4
cap_1399.png,scIa,4
cap_14.png,XY8e,4
cap_140.png,kz5V,4
cap_1400.png,9vnV,4
cap_1401.png,Chri,4
cap_1402.png,BAMN,4
cap_1403.png,zIGQ,4
cap_1404.png,cz9I,4
cap_1405.png,JNEH,4
cap_1406.png,Jim3,4
cap_1407.png,HCCe,4
cap_1408.png,FwiA,4
cap_1409.png,eemo,4
cap_141.png,nNXM,4
cap_1410.png,Y3w2,4
cap_1411.png,xGWC,4
cap_1412.png,rCbW,4
cap_1413.png,sXK3,4
cap_1414.png,B9Qh,4
cap_1415.png,4aYP,4
cap_1416.png,iNAG,4
cap_1417.png,QKNu,4
cap_1418.png,G3fi,4
cap_1419.png,F3I6,4
cap_142.png,AWk,3
cap_1420.png,hvkG,4
cap_1421.png,f9N7,4
cap_1422.png,QZHv,4
cap_1423.png,im2e,4
cap_1424.png,MD5a,4
cap_1425.png,CKks,4
cap_1426.png,Nm84,4
cap_1427.png,sWcJ,4
cap_1428.png,nkt7,4
cap_1429.png,snXa,4
cap_143.png,9354,4
cap_1430.png,BHtJ,4
cap_1431.png,rfmC,4
cap_1432.png,HYQW,4
cap_1433.png,sxuH,4
cap_1434.png,Hveb,4
cap_1435.png,EtEo,4
cap_1436.png,eFXC,4
cap_1437.png,ubGV,4
cap_1438.png,ZGhi,4
cap_1439.png,zDbt,4
cap_144.png,GLwt,4
cap_1440.png,uwKP,4
cap_1441.png,hweI,4
cap_1442.png,zGJI,4
cap_1443.png,xz5h,4
cap_1444.png,zXn4,4
cap_1445.png,tZfD,4
cap_1446.png,ks77,4
cap_1447.png,Qsm6,4
cap_1448.png,w3Id,4
cap_1449.png,9krm,4
cap_145.png,4P3e,4
cap_1450.png,9W33,4
cap_1451.png,8rIx,4
cap_1452.png,NBDm,4
cap_1453.png,22tM,4
cap_1454.png,aIzd,4
cap_1455.png,nu2B,4
cap_1456.png,vsEb,4
cap_1457.png,GLXs,4
cap_1458.png,9G65,4
cap_1459.png,MFiI,4
cap_146.png,txdE,4
cap_1460.png,5Izc,4
cap_1461.png,cZ9v,4
cap_1462.png,IPDt,4
cap_1463.png,wL4B,4
cap_1464.png,3m5r,4
cap_1465.png,3J5u,4
cap_1466.png,PQ62,4
cap_1467.png,QowY,4
cap_1468.png,Xi4N,4
cap_1469.png,krr2,4
cap_147.png,EiCi,4
cap_1470.png,CMZI,4
cap_1471.png,5IZF,4
cap_1472.png,ProA,4
cap_1473.png,KPKH,4
cap_1474.png,fckc,4
cap_1475.png,B8LP,4
cap_1476.png,XWQ5,4
cap_1477.png,nPGm,4
cap_1478.png,2H5d,4
cap_1479.png,Ha6z,4
cap_148.png,oV28,4
cap_1480.png,kMrt,4
cap_1481.png,I2D6,4
cap_1482.png,G38b,4
cap_1483.png,i2IW,4
cap_1484.png,nxDI,4
cap_1485.png,CZ48,4
cap_1486.png,Ve3o,4
cap_1487.png,INfE,4
cap_1488.png,LE9I,4
cap_1489.png,Vbw7,4
cap_149.png,MQ6n,4
cap_1490.png,9Vum,4
cap_1491.png,I9H3,4
cap_1492.png,xuMo,4
cap_1493.png,a8mn,4
cap_1494.png,aBYK,4
cap_1495.png,ZZnc,4
cap_1496.png,L6Ii,4
cap_1497.png,LW4o,4
cap_1498.png,7ENs,4
cap_1499.png,zWhz,4
cap_15.png,N4Ec,4
cap_150.png,e93z,4
cap_1500.png,eWxX,4
cap_1501.png,WFPb,4
cap_1502.png,az5H,4
cap_1503.png,VK5t,4
cap_1504.png,XXFi,4
cap_1505.png,LC8X,4
cap_1506.png,rzV5,4
cap_1507.png,u9Eo,4
cap_1508.png,7MmX,4
cap_1509.png,xYwG,4
cap_151.png,HQAh,4
cap_1510.png,8EGu,4
cap_1511.png,fvXi,4
cap_1512.png,BBFV,4
cap_1513.png,LJYV,4
cap_1514.png,fr8e,4
cap_1515.png,N7oA,4
cap_1516.png,InBs,4
cap_1517.png,oxmr,4
cap_1518.png,YFa7,4
cap_1519.png,e3KC,4
cap_152.png,6EAY,4
cap_1520.png,MotP,4
cap_1521.png,mih2,4
cap_1522.png,dW34,4
cap_1523.png,unWn,4
cap_1524.png,8AI9,4
cap_1525.png,r9m7,4
cap_1526.png,nohe,4
cap_1527.png,Jx6s,4
cap_1528.png,7eur,4
cap_1529.png,B9GC,4
cap_153.png,cNJM,4
cap_1530.png,sVr2,4
cap_1531.png,Vk76,4
cap_1532.png,IEkz,4
cap_1533.png,bmDa,4
cap_1534.png,Gmzf,4
cap_1535.png,eIVK,4
cap_1536.png,BVNn,4
cap_1537.png,Fsvr,4
cap_1538.png,cmL7,4
cap_1539.png,PkDk,4
cap_154.png,B6Ve,4
cap_1540.png,aMPZ,4
cap_1541.png,EcEd,4
cap_1542.png,7bGc,4
cap_1543.png,4drK,4
cap_1544.png,XVto,4
cap_1545.png,QK3x,4
cap_1546.png,EXeE,4
cap_1547.png,kQn5,4
cap_1548.png,ddNe,4
cap_1549.png,r4Qm,4
cap_155.png,owNa,4
cap_1550.png,IxnM,4
cap_1551.png,Me7u,4
cap_1552.png,CAcu,4
cap_1553.png,7Eum,4
cap_1554.png,i27E,4
cap_1555.png,d3Ke,4
cap_1556.png,G9P2,4
cap_1557.png,I6hw,4
cap_1558.png,3etk,4
cap_1559.png,P96D,4
cap_156.png,QKP6,4
cap_1560.png,xwr5,4
cap_1561.png,G3Ph,4
cap_1562.png,h3za,4
cap_1563.png,ZBCY,4
cap_1564.png,w83n,4
cap_1565.png,MEcs,4
cap_1566.png,kXQr,4
cap_1567.png,EZxL,4
cap_1568.png,wion,4
cap_1569.png,Bb8m,4
cap_157.png,4rb8,4
cap_1570.png,sQ2Z,4
cap_1571.png,vKWG,4
cap_1572.png,7LK4,4
cap_1573.png,GbYz,4
cap_1574.png,B7dI,4
cap_1575.png,XfQH,4
cap_1576.png,tJmV,4
cap_1577.png,hVfF,4
cap_1578.png,9QV5,4
cap_1579.png,C8Vn,4
cap_158.png,hJKc,4
cap_1580.png,msc6,4
cap_1581.png,v3nw,4
cap_1582.png,kBHn,4
cap_1583.png,oCPd,4
cap_1584.png,EfEY,4
cap_1585.png,9tVc,4
cap_1586.png,sbFa,4
cap_1587.png,Y6d3,4
cap_1588.png,CQ9I,4
cap_1589.png,kuCs,4
cap_159.png,34wK,4
cap_1590.png,Pwsk,4
cap_1591.png,hLdE,4
cap_1592.png,dNWV,4
cap_1593.png,bf9F,4
cap_1594.png,fkcd,4
cap_1595.png,nDxK,4
cap_1596.png,CPkm,4
cap_1597.png,bd6r,4
cap_1598.png,t8ax,4
cap_1599.png,Q4tD,4
cap_16.png,arWL,4
cap_160.png,G5K9,4
cap_1600.png,IeNw,4
cap_1601.png,AAVW,4
cap_1602.png,x7Co,4
cap_1603.png,KEF9,4
cap_1604.png,6w5c,4
cap_1605.png,XtAh,4
cap_1606.png,Nh5f,4
cap_1607.png,kVuk,4
cap_1608.png,4ixr,4
cap_1609.png,fXuL,4
cap_161.png,Kuhc,4
cap_1610.png,rQB3,4
cap_1611.png,7Ikf,4
cap_1612.png,7YoM,4
cap_1613.png,I65P,4
cap_1614.png,w7nD,4
cap_1615.png,rkNV,4
cap_1616.png,n49K,4
cap_1617.png,fiYN,4
cap_1618.png,KN9A,4
cap_1619.png,8NHF,4
cap_162.png,CkMD,4
cap_1620.png,KEPt,4
cap_1621.png,HJwG,4
cap_1622.png,e7H5,4
cap_1623.png,APFL,4
cap_1624.png,YFIY,4
cap_1625.png,oIhz,4
cap_1626.png,MGXH,4
cap_1627.png,2iGk,4
cap_1628.png,WIdn,4
cap_1629.png,9beZ,4
cap_163.png,AIwK,4
cap_1630.png,ED6I,4
cap_1631.png,iiA9,4
cap_1632.png,79GE,4
cap_1633.png,cesd,4
cap_1634.png,t6ca,4
cap_1635.png,Lxac,4
cap_1636.png,wsbQ,4
cap_1637.png,KZN4,4
cap_1638.png,dZWK,4
cap_1639.png,X8xr,4
cap_164.png,hfHd,4
cap_1640.png,XvvN,4
cap_1641.png,mcn7,4
cap_1642.png,25a6,4
cap_1643.png,PLBo,4
cap_1644.png,vPNZ,4
cap_1645.png,s8s4,4
cap_1646.png,MABs,4
cap_1647.png,8Nwi,4
cap_1648.png,M3s8,4
cap_1649.png,8JLP,4
cap_165.png,4z6B,4
cap_1650.png,4rh6,4
cap_1651.png,LHzi,4
cap_1652.png,omiV,4
cap_1653.png,eC3Q,4
cap_1654.png,oJhQ,4
cap_1655.png,GK84,4
cap_1656.png,2uzK,4
cap_1657.png,3eo2,4
cap_1658.png,Jec2,4
cap_1659.png,Lzwv,4
cap_166.png,MBoL,4
cap_1660.png,w4MY,4
cap_1661.png,Nnst,4
cap_1662.png,MZCB,4
cap_1663.png,99eY,4
cap_1664.png,9Jo7,4
cap_1665.png,NcZF,4
cap_1666.png,eW25,4
cap_1667.png,K8DH,4
cap_1668.png,GwfY,4
cap_1669.png,wSAw,4
cap_167.png,diWC,4
cap_1670.png,eBuc,4
cap_1671.png,G3VI,4
cap_1672.png,sios,4
cap_1673.png,IeKn,4
cap_1674.png,6F7G,4
cap_1675.png,FQPz,4
cap_1676.png,MQWV,4
cap_1677.png,xIko,4
cap_1678.png,GJW6,4
cap_1679.png,Ci9d,4
cap_168.png,4WM2,4
cap_1680.png,LGd6,4
cap_1681.png,WKCa,4
cap_1682.png,iIGD,4
cap_1683.png,3FaZ,4
cap_1684.png,VMst,4
cap_1685.png,sNiw,4
cap_1686.png,ZoQW,4
cap_1687.png,wcII,4
cap_1688.png,YIIL,4
cap_1689.png,Y4xv,4
cap_169.png,zL7v,4
cap_1690.png,vkZ5,4
cap_1691.png,Vnux,4
cap_1692.png,ZlQy,4
cap_1693.png,BeVW,4
cap_1694.png,hQL6,4
cap_1695.png,6f56,4
cap_1696.png,YvBm,4
cap_1697.png,IuLm,4
cap_1698.png,tv6h,4
cap_1699.png,snfe,4
cap_17.png,9VM7,4
cap_170.png,xo9m,4
cap_1700.png,hfIn,4
cap_1701.png,dmMh,4
cap_1702.png,HLvs,4
cap_1703.png,bDiv,4
cap_1704.png,rZQ3,4
cap_1705.png,Jib8,4
cap_1706.png,G5Cw,4
cap_1707.png,hvZ7,4
cap_1708.png,Qhh6,4
cap_1709.png,8DFE,4
cap_171.png,moaN,4
cap_1710.png,CMhI,4
cap_1711.png,ahzu,4
cap_1712.png,vePX,4
cap_1713.png,Va34,4
cap_1714.png,Qr9f,4
cap_1715.png,7vEi,4
cap_1716.png,Qn6N,4
cap_1717.png,GGrw,4
cap_1718.png,xM6r,4
cap_1719.png,cND7,4
cap_172.png,X7sQ,4
cap_1720.png,ew4I,4
cap_1721.png,FhIY,4
cap_1722.png,i6GV,4
cap_1723.png,ee6w,4
cap_1724.png,uoW7,4
cap_1725.png,4Kou,4
cap_1726.png,5E6f,4
cap_1727.png,ZZVf,4
cap_1728.png,ec9i,4
cap_1729.png,KP7J,4
cap_173.png,2nMC,4
cap_1730.png,Jvbi,4
cap_1731.png,6DL7,4
cap_1732.png,VM3o,4
cap_1733.png,ddBX,4
cap_1734.png,ihhX,4
cap_1735.png,LGnk,4
cap_1736.png,x4GE,4
cap_1737.png,maDM,4
cap_1738.png,ZmM4,4
cap_1739.png,d9QG,4
cap_174.png,oMuc,4
cap_1740.png,eF5M,4
cap_1741.png,Dh2X,4
cap_1742.png,mHFi,4
cap_1743.png,3BeY,4
cap_1744.png,NxW6,4
cap_1745.png,45Jn,4
cap_1746.png,8XV4,4
cap_1747.png,72bn,4
cap_1748.png,FXe8,4
cap_1749.png,MZ6F,4
cap_175.png,Q7nK,4
cap_1750.png,9XtM,4
cap_1751.png,biu9,4
cap_1752.png,vFVk,4
cap_1753.png,LPnH,4
cap_1754.png,CPoP,4
cap_1755.png,7HzA,4
cap_1756.png,ZE2o,4
cap_1757.png,FGD3,4
cap_1758.png,375Q,4
cap_1759.png,DHb4,4
cap_176.png,nHQ6,4
cap_1760.png,KbwZ,4
cap_1761.png,795w,4
cap_1762.png,aCMH,4
cap_1763.png,C6MN,4
cap_1764.png,vdts,4
cap_1765.png,ZdbK,4
cap_1766.png,c4kY,4
cap_1767.png,XEf9,4
cap_1768.png,BcWc,4
cap_1769.png,ba8n,4
cap_177.png,W7MP,4
cap_1770.png,frdf,4
cap_1771.png,MrNW,4
cap_1772.png,a2EH,4
cap_1773.png,Ibaa,4
cap_1774.png,fC4d,4
cap_1775.png,ozdH,4
cap_1776.png,L9kQ,4
cap_1777.png,eBXu,4
cap_1778.png,IEcc,4
cap_1779.png,FruW,4
cap_178.png,DQ88,4
cap_1780.png,DiJK,4
cap_1781.png,sC9r,4
cap_1782.png,nsiN,4
cap_1783.png,rxL2,4
cap_1784.png,9k28,4
cap_1785.png,6vhV,4
cap_1786.png,sfDx,4
cap_1787.png,bmmB,4
cap_1788.png,G2HV,4
cap_1789.png,6aQF,4
cap_179.png,t6I4,4
cap_1790.png,xE65,4
cap_1791.png,Zwxe,4
cap_1792.png,7xtF,4
cap_1793.png,kYXs,4
cap_1794.png,4VM2,4
cap_1795.png,tNrL,4
cap_1796.png,rDFW,4
cap_1797.png,EEAE,4
cap_1798.png,tBwG,4
cap_1799.png,xeWI,4
cap_18.png,EAVz,4
cap_180.png,M4bC,4
cap_1800.png,CsrV,4
cap_1801.png,uiXJ,4
cap_1802.png,oWKe,4
cap_1803.png,XfIf,4
cap_1804.png,VkkM,4
cap_1805.png,su5s,4
cap_1806.png,CXEE,4
cap_1807.png,vzHn,4
cap_1808.png,cXBM,4
cap_1809.png,D4Ix,4
cap_181.png,5F2o,4
cap_1810.png,Ceob,4
cap_1811.png,r7zm,4
cap_1812.png,9Zix,4
cap_1813.png,4bmd,4
cap_1814.png,FH7f,4
cap_1815.png,JIYi,4
cap_1816.png,vXQ2,4
cap_1817.png,BF67,4
cap_1818.png,GHNa,4
cap_1819.png,J9VC,4
cap_182.png,AJe9,4
cap_1820.png,i63n,4
cap_1821.png,DZYi,4
cap_1822.png,752a,4
cap_1823.png,i7v3,4
cap_1824.png,VNkX,4
cap_1825.png,JiXd,4
cap_1826.png,G7vs,4
cap_1827.png,JEXn,4
cap_1828.png,H82d,4
cap_1829.png,8VFJ,4
cap_183.png,kGtJ,4
cap_1830.png,V8ze,4
cap_1831.png,AIJ7,4
cap_1832.png,eQt2,4
cap_1833.png,Jxwm,4
cap_1834.png,35zc,4
cap_1835.png,uKNB,4
cap_1836.png,vCVG,4
cap_1837.png,aVXW,4
cap_1838.png,79xP,4
cap_1839.png,C3YP,4
cap_184.png,rM89,4
cap_1840.png,tvt9,4
cap_1841.png,nnDh,4
cap_1842.png,ZDPI,4
cap_1843.png,zaQf,4
cap_1844.png,EbQ3,4
cap_1845.png,8Gdi,4
cap_1846.png,o7oe,4
cap_1847.png,A36V,4
cap_1848.png,FA8b,4
cap_1849.png,5as7,4
cap_185.png,QbWQ,4
cap_1850.png,WfcI,4
cap_1851.png,kr9G,4
cap_1852.png,iELe,4
cap_1853.png,Dw6I,4
cap_1854.png,4aMo,4
cap_1855.png,5EBo,4
cap_1856.png,vNLJ,4
cap_1857.png,EGHr,4
cap_1858.png,PXkh,4
cap_1859.png,9c9L,4
cap_186.png,H556,4
cap_1860.png,B5vM,4
cap_1861.png,YVfe,4
cap_1862.png,HtCJ,4
cap_1863.png,QNAu,4
cap_1864.png,5kvv,4
cap_1865.png,HFkY,4
cap_1866.png,7Er4,4
cap_1867.png,FNb4,4
cap_1868.png,uumm,4
cap_1869.png,4IW7,4
cap_187.png,fFV9,4
cap_1870.png,LLnk,4
cap_1871.png,mE66,4
cap_1872.png,Fufb,4
cap_1873.png,XQDC,4
cap_1874.png,B2E4,4
cap_1875.png,JinJ,4
cap_1876.png,mxxJ,4
cap_1877.png,huk6,4
cap_1878.png,u9F4,4
cap_1879.png,fHBt,4
cap_188.png,izk3,4
cap_1880.png,JLei,4
cap_1881.png,NZte,4
cap_1882.png,6uiu,4
cap_1883.png,2Kv8,4
cap_1884.png,AG9s,4
cap_1885.png,An6m,4
cap_1886.png,Ilm7,4
cap_1887.png,eGLE,4
cap_1888.png,aL7Y,4
cap_1889.png,JDLC,4
cap_189.png,kV3Y,4
cap_1890.png,V6Ht,4
cap_1891.png,38wK,4
cap_1892.png,bQQm,4
cap_1893.png,HDE8,4
cap_1894.png,JtiM,4
cap_1895.png,DYNC,4
cap_1896.png,N9VV,4
cap_1897.png,MK3a,4
cap_1898.png,hckI,4
cap_1899.png,9aQ6,4
cap_19.png,rICo,4
cap_190.png,hQfQ,4
cap_1900.png,JNHm,4
cap_1901.png,h5XZ,4
cap_1902.png,e929,4
cap_1903.png,iiIi,4
cap_1904.png,3JBP,4
cap_1905.png,h6Ic,4
cap_1906.png,uxur,4
cap_1907.png,mAnd,4
cap_1908.png,YoP2,4
cap_1909.png,WMPs,4
cap_191.png,4YEx,4
cap_1910.png,Rfu8,4
cap_1911.png,r2zA,4
cap_1912.png,hGMI,4
cap_1913.png,tbe2,4
cap_1914.png,ZztM,4
cap_1915.png,uvMJ,4
cap_1916.png,D4Cu,4
cap_1917.png,3uN5,4
